"job_id","job_title","company_name","city","salary_min","salary_max","education","experience","job_description","skills","publish_date","source"
"J1001","前端开发工程师","字节跳动","北京",15000,25000,"本科","3-5年","负责公司核心业务的前端开发，优化页面渲染性能与用户体验。","Vue|React|TypeScript|Webpack","2026-09-28","BOSS直聘"
"J1002","Java后端开发","云图信息技术","深圳",15000,25000,"本科","3-5年","负责核心业务系统的后端开发，参与系统架构优化与性能调优。","Java|Spring Cloud|Redis|MySQL|Kafka","2026-09-27","BOSS直聘"
"J1003","B端产品经理","有赞","杭州",20000,35000,"本科","3-5年","负责SaaS产品的需求调研、原型设计与产品规划，推动产品迭代。","Axure|需求分析|原型设计|SaaS","2026-09-26","拉勾网"
"J1004","UI设计师","网易","广州",12000,20000,"本科","1-3年","负责公司APP界面的视觉设计与交互体验优化，输出设计规范。","Figma|Sketch|PS|交互设计","2026-09-25","猎聘网"
"J1005","数据分析师","美团","北京",18000,30000,"本科","3-5年","负责业务数据的提取、清洗与可视化分析，为运营决策提供数据支持。","SQL|Python|Tableau|Excel","2026-09-24","智联招聘"
"J1006","自动化测试工程师","顺丰科技","深圳",16000,26000,"本科","3-5年","负责自动化测试框架搭建与用例编写，提升测试效率与覆盖率。","Python|Selenium|Pytest|Jenkins","2026-09-23","前程无忧"
"J1007","DevOps运维工程师","阿里云","杭州",25000,40000,"本科","3-5年","负责云平台的持续集成与部署，维护K8s集群及监控告警体系。","Docker|K8s|Jenkins|Linux|Prometheus","2026-09-22","拉勾网"
"J1008","新媒体运营","小红书","上海",10000,16000,"本科","1-3年","负责官方账号的内容策划、文案撰写与粉丝互动，提升账号活跃度。","文案策划|短视频|社区运营|数据复盘","2026-09-21","BOSS直聘"
"J1009","HRBP","字节跳动","北京",20000,35000,"本科","5-10年","深入业务团队，提供人力资源解决方案，负责招聘、绩效与员工关系。","招聘|绩效管理|员工关系|组织发展","2026-09-20","猎聘网"
"J1010","大客户销售代表","用友网络","广州",12000,24000,"大专","1-3年","负责企业级软件的客户拓展与销售，完成销售业绩目标。","大客户销售|商务谈判|CRM|软件销售","2026-09-19","前程无忧"
"J1011","算法工程师","商汤科技","上海",30000,50000,"硕士","3-5年","负责计算机视觉算法的研发与优化，推动算法在业务场景落地。","Python|PyTorch|CV|深度学习","2026-09-18","拉勾网"
"J1012","产品助理","微光网络","南京",8000,12000,"本科","应届生","协助产品经理完成需求收集、文档撰写与项目跟进。","Xmind|Visio|需求文档|沟通能力","2026-09-17","牛客网"
"J1013","Android开发工程师","快手","北京",22000,38000,"本科","3-5年","负责快手主APP的Android端功能开发与性能优化。","Kotlin|Java|Android|Jetpack","2026-09-16","BOSS直聘"
"J1014","数据开发工程师","京东物流","北京",20000,35000,"本科","3-5年","负责数据仓库的建设与ETL开发，支撑业务报表与数据大屏。","Hadoop|Spark|Flink|Hive|SQL","2026-09-15","智联招聘"
"J1015","交互设计师","腾讯","深圳",20000,35000,"本科","3-5年","负责产品的交互设计，提升产品的易用性与用户体验。","交互设计|Axure|用户研究|原型","2026-09-14","猎聘网"
"J1016","功能测试工程师","中软国际","武汉",9000,14000,"大专","1-3年","执行测试用例，提交并跟踪缺陷，保障产品质量。","功能测试|禅道|测试用例|Linux","2026-09-13","前程无忧"
"J1017","系统运维工程师","太极股份","北京",13000,20000,"本科","1-3年","负责服务器日常巡检、故障排查及系统安全加固。","Linux|Shell|Nginx|MySQL|Zabbix","2026-09-12","智联招聘"
"J1018","用户运营","滴滴出行","北京",15000,25000,"本科","3-5年","负责用户生命周期管理，策划拉新、促活与留存活动。","用户运营|数据分析|活动策划|SQL","2026-09-11","拉勾网"
"J1019","招聘专员","猎云科技","上海",10000,15000,"本科","1-3年","负责技术岗位的招聘工作，包括简历筛选、面试安排与Offer跟进。","招聘|渠道拓展|面试|沟通","2026-09-10","BOSS直聘"
"J1020","市场推广专员","同程旅游","苏州",10000,16000,"本科","1-3年","负责线上渠道的市场推广与投放，评估推广效果并优化。","SEM|信息流|市场推广|数据分析","2026-09-09","前程无忧"
"J1021","高级前端开发","蚂蚁集团","上海",30000,50000,"本科","5-10年","负责金融级前端架构设计，攻克复杂业务场景的前端技术难题。","React|Vue|Node.js|微前端|TypeScript","2026-09-08","猎聘网"
"J1022","C端产品经理","美团","北京",25000,40000,"本科","5-10年","负责外卖C端产品的规划与迭代，提升用户下单转化率。","产品规划|数据分析|用户增长|交互设计","2026-09-07","拉勾网"
"J1023","视觉设计师","金山办公","珠海",15000,25000,"本科","3-5年","负责WPS品牌视觉设计与活动页面设计，把控视觉输出质量。","PS|AI|C4D|视觉设计|品牌","2026-09-06","猎聘网"
"J1024","商业数据分析","唯品会","广州",20000,32000,"本科","3-5年","负责电商业务经营分析，输出数据分析报告，辅助业务决策。","SQL|Python|BI|数据建模|业务分析","2026-09-05","智联招聘"
"J1025","测试开发工程师","货拉拉","深圳",25000,40000,"本科","3-5年","负责测试平台与工具的开发，提升研发团队的整体测试效能。","Java|Python|自动化测试|平台开发","2026-09-04","BOSS直聘"
"J1026","SRE工程师","字节跳动","北京",35000,55000,"本科","5-10年","负责核心业务系统的稳定性保障，建设容灾与故障演练体系。","Linux|K8s|Go|监控|稳定性保障","2026-09-03","拉勾网"
"J1027","内容运营","知乎","北京",13000,20000,"本科","1-3年","负责知乎盐选专栏的内容策划与作者运营，提升内容转化。","内容策划|作者运营|数据分析|文案","2026-09-02","BOSS直聘"
"J1028","HR招聘实习生","蔚来汽车","合肥",4000,6000,"本科","不限","协助HR团队进行简历寻访、电话邀约及面试安排。","沟通能力|Excel|招聘|细心","2026-09-01","牛客网"
"J1029","渠道销售经理","神州数码","广州",18000,30000,"本科","3-5年","负责区域渠道合作伙伴的拓展与管理，完成渠道销售任务。","渠道管理|销售|商务谈判|IT行业","2026-08-31","前程无忧"
"J1030","自然语言处理工程师","科大讯飞","合肥",28000,45000,"硕士","3-5年","负责NLP算法的研发，包括文本分类、实体识别与知识图谱。","Python|NLP|BERT|深度学习|PyTorch","2026-08-30","猎聘网"
"J1031","前端开发工程师（小程序）","有赞","杭州",18000,30000,"本科","3-5年","负责微信小程序及H5页面的开发与维护，优化加载速度。","小程序|Vue|JavaScript|CSS3","2026-08-29","BOSS直聘"
"J1032","Golang后端开发","七牛云","上海",25000,40000,"本科","3-5年","负责云存储后端服务的开发，优化高并发场景下的系统性能。","Go|Gin|Redis|MySQL|分布式","2026-08-28","拉勾网"
"J1033","产品运营","携程旅行","上海",16000,25000,"本科","3-5年","负责酒店频道的产品运营，通过数据分析优化产品功能与用户体验。","产品运营|数据分析|用户调研|SQL","2026-08-27","智联招聘"
"J1034","品牌设计师","泡泡玛特","北京",15000,25000,"本科","3-5年","负责品牌视觉体系的搭建与衍生品设计，输出高质量品牌物料。","PS|AI|品牌设计|视觉传达|插画","2026-08-26","猎聘网"
"J1035","大数据开发工程师","腾讯","深圳",28000,45000,"本科","5-10年","负责海量数据的实时与离线处理，构建数据中台服务。","Flink|Spark|Kafka|Hadoop|Java","2026-08-25","拉勾网"
"J1036","性能测试工程师","顺丰科技","深圳",20000,32000,"本科","3-5年","负责核心系统的性能测试与调优，定位并解决性能瓶颈。","JMeter|LoadRunner|性能调优|Linux","2026-08-24","前程无忧"
"J1037","运维开发工程师","蚂蚁集团","上海",30000,50000,"本科","5-10年","负责运维自动化平台的开发，提升运维效率与系统可观测性。","Python|Go|Ansible|K8s|CI/CD","2026-08-23","BOSS直聘"
"J1038","私域运营","完美日记","广州",12000,20000,"大专","1-3年","负责微信社群的日常运营与转化，策划社群活动提升复购率。","社群运营|私域流量|用户转化|文案","2026-08-22","智联招聘"
"J1039","培训专员","海尔智家","青岛",10000,15000,"本科","1-3年","负责内部员工培训项目的组织与实施，评估培训效果。","培训|课程开发|组织能力|PPT","2026-08-21","前程无忧"
"J1040","海外市场专员","字节跳动","北京",18000,30000,"本科","3-5年","负责海外市场的社媒运营与KOL合作，提升品牌海外影响力。","海外市场|英语|社媒运营|KOL","2026-08-20","猎聘网"
"J1041","React前端开发","小红书","上海",22000,38000,"本科","3-5年","负责社区前端业务的开发，参与前端工程化与性能优化。","React|TypeScript|Webpack|Node.js","2026-08-19","拉勾网"
"J1042","产品经理（AI方向）","百度","北京",30000,50000,"本科","5-10年","负责人工智能产品的规划与落地，探索AI在业务场景的应用。","AI产品|需求分析|产品规划|数据分析","2026-08-18","BOSS直聘"
"J1043","用户研究员","网易","杭州",18000,28000,"硕士","3-5年","负责用户需求调研与可用性测试，输出研究报告辅助产品设计。","用户研究|访谈|问卷|数据分析|心理学","2026-08-17","智联招聘"
"J1044","数据仓库工程师","美团","北京",25000,40000,"本科","3-5年","负责数据仓库模型设计与ETL开发，保障数据准确性与及时性。","Hive|Spark|SQL|数据仓库|ETL","2026-08-16","拉勾网"
"J1045","安全测试工程师","奇安信","北京",20000,35000,"本科","3-5年","负责Web与APP的安全渗透测试，编写安全测试报告。","渗透测试|Web安全|BurpSuite|Python","2026-08-15","前程无忧"
"J1046","云原生运维工程师","腾讯云","深圳",28000,45000,"本科","5-10年","负责云原生环境的架构设计与运维，保障服务的高可用。","K8s|Docker|Istio|Prometheus|Go","2026-08-14","猎聘网"
"J1047","电商运营","聚水潭","上海",13000,22000,"大专","1-3年","负责电商平台店铺的日常运营与活动报名，提升店铺销量。","电商运营|数据分析|直通车|活动策划","2026-08-13","BOSS直聘"
"J1048","企业文化专员","字节跳动","北京",15000,25000,"本科","3-5年","负责公司文化活动的策划与落地，打造良好的组织氛围。","活动策划|企业文化|文案|组织协调","2026-08-12","智联招聘"
"J1049","售前工程师","华为","深圳",20000,35000,"本科","3-5年","负责为客户提供技术方案讲解与产品演示，配合销售完成签单。","售前|解决方案|技术沟通|PPT","2026-08-11","前程无忧"
"J1050","计算机视觉算法专家","大疆创新","深圳",50000,80000,"硕士","10年以上","带领团队进行计算机视觉前沿算法研究，解决无人机视觉核心难题。","深度学习|CV|C++|Python|团队管理","2026-08-10","猎聘网"